stress_label,sleep_score,deep_sleep_minutes,total_steps,sedentary_minutes,avg_rmssd,avg_oxygen,std_oxygen
Low,-0.03283053608511469,0.028459496272974363,-0.14066940039618758,-0.10681527140946406,-0.004148147239539182,-0.10413313880985103,-0.04358651851743511
Medium,0.0037970263401186353,-0.0014513826086646384,0.01938248552176447,0.0532951596317639,-0.00011394410494851154,0.03535205982977992,-0.0119057953672833
High,0.017933609811857133,-0.017234806509861395,0.08754190975983932,0.0331117780825971,0.002829548565362582,0.0435039657598021,0.04215996338489801
