feature,importance
std_oxygen,0.21753912114710805
avg_oxygen,0.20248510656619492
avg_low_frequency,0.19742728154521844
avg_rmssd,0.19387778904607045
avg_high_frequency,0.18867070169540812
