model,accuracy,macro_precision,macro_recall,macro_f1,low_f1,medium_f1,high_f1,low_support,medium_support,high_support
mlp,0.41114982578397213,0.4103071888672331,0.4087032407189018,0.4087047826268247,0.4260355029585799,0.3516483516483517,0.4484304932735426,86,85,116
svm,0.36585365853658536,0.3639855192311226,0.3600012579209711,0.360969446385454,0.367816091954023,0.27472527472527475,0.44036697247706424,86,85,116
logistic_regression,0.3623693379790941,0.35286081645773065,0.3520700661980911,0.35222570956093274,0.3373493975903614,0.2823529411764706,0.4369747899159664,86,85,116
random_forest,0.3240418118466899,0.34062678062678065,0.3219648725568816,0.3171633777078851,0.2748091603053435,0.3333333333333333,0.34334763948497854,86,85,116
majority_baseline,0.40418118466898956,0.13472706155632985,0.3333333333333333,0.19189412737799835,0.0,0.0,0.575682382133995,86,85,116
